Facility_ID,Hospital_ID,Hospital_Type,Hospital_Type_Code,Hospital_Name,Address,Hospital_Contact,State_Code,District_Code,Speciality_Code,Emplaned_Date,Hospital_Latitude,Hospital_Longitude,SchemeCode
HOSP21P110107,35633,Hospital,P,ODISHA ENT AND HEAD AND NECK CANCER CARE,"1st Floor Building 1 Kingston Business Parrk Manguli Choudwar,",7978504918,21,350,"100005,100006,100008,100016,100019,100022",2025-01-28 00:00:00,20.531098,85.9269160000001,PMJAY
HOSP21P110591,36117,Hospital,P,SRI SRI BORDA HOSPITAL & CHC,"Lingipur,Sisupalgarh,Bhubaneswar",6743135968,21,362,"100001,100002,100003,100004,100005,100006,100007,100008,100009,100010,100011,100012,100013,100014,100015,100016,100017,100018,100019,100020,100021,100022,100023,100026,100028",2025-01-28 00:00:00,20.2131022,85.8527569,PMJAY
HOSP21P110750,40927,Hospital,P,SAHARA NURSHING HOME,"MAIN ROAD DENGAUSTA-CHHANMERI, GANJAM, ORISSA , PIN -761014",9853802735,21,354,"100005,100006,100012,100015,100017",2025-03-13 00:00:00,19.416491,84.501186,PMJAY
HOSP21P110813,41170,Hospital,P,WOMEN AND CHILD CARE HOSPITAL,"GA-309,Kailash Vihar,Sailashree Vihar,C.S.Pur",7978167306,21,362,"100001,100002,100003,100004,100005,100006,100007,100008,100009,100010,100011,100012,100013,100014,100015,100016,100017,100018,100019,100020,100021,100022,100023,100026,100028",2025-04-10 00:08:25.853534,20.096,85.8245,PMJAY
HOSP9P25106079,106079,Hospital,P,AYODHYA NETRALAY,"Moti Nagar Mehdawal road Makki Masjid Sant kabeer nagar ,",9984838491,9,178,100013,2025-11-13 15:28:25,26.777183,83.058283,PMJAY
HOSP9P25106976,106976,Hospital,P,NEW ANSHUMAN HOSPITAL AND TRAUMA CENTRE,"NEDULA CHAUAHA NEAR HANUMAN MANDIR KHALILABAD,",9795156555,9,178,"100005,100006,100013,100015,100023",2025-09-03 13:21:41,26.78195424337261,83.0634454077379,PMJAY
HOSP3P25124227,124227,Hospital,P,SIBIA HEALTHCARE PVT LTD,"JIND ROAD SANGRUR,",9216210321,3,43,"100006,100015,100023",2025-07-15 11:49:16,30.228112677445566,75.84815813028428,PMJAY
HOSP3P25139694,139694,Hospital,P,RAHAT MEDICARE,"SCO 59-60 ,MINI SECRETARIAT ROAD,, NEAR GURUDWARA DUKHNIWARAN SAHIB,PATIALA-147004",9914288838,3,41,"100005,100006,100015,100023",2025-07-15 12:49:11,30.34970015137843,76.39294278404668,PMJAY
HOSP9P25139890,139890,Hospital,P,ANIQA HOSPITAL AND TRAUMA CENTER,"CHANDPUR ROAD NOORPUR,",7300613191,9,132,"100005,100006",2025-08-29 13:17:53,29.1628410000001,78.373772,PMJAY
HOSP9P25143446,143446,Hospital,P,NEW MAHEK HOSPITAL,"MOHAMMADPUR SARAIALI BLOCKBAZAAR MAUIMA PRAYAGRAJ, ",9956206585,9,120,"100005,100006,100012",2025-10-10 16:54:29,25.7018110000001,81.9137480000001,PMJAY
HOSP27P26145639,145639,Hospital,P, JANAI MULTISPECIALITY HOSPITAL RESEARCH CENTER," MARKET YARD SANKESHWAR ROAD GADHINGLAJ  TAL. GADHINGLAJ, DIST. KOLHAPUR-416502,",9595353549,27,480,"100004,100005,100006,100015,100016,100020,100022,100023",2026-01-26 13:35:00,16.2272570000001,74.3525690000001,PMJAY
HOSP9P25154673,154673,Hospital,P,RAJAT HOSPITAL,"Chaubeypur, Pachpediya, Basti, Uttar Pradesh , ",9598118053,9,131,"100005,100006,100015,100023",2025-09-11 13:53:30,26.80291518309174,82.74847842588832,PMJAY
HOSP27P26157663,157663,Hospital,P,Bhigwan Medicare hospital pvt.ltd,"A/P - Madanwadi (Bhigwan) Tal.- Indapur, Dist- Pune, Pin- 413130,",9552956488,27,490,"100001,100002,100004,100005,100006,100007,100008,100011,100014,100015,100020,100022,100023,100026",2026-01-27 16:49:09,18.280694,74.746965,PMJAY
HOSP9P25214880,214880,Hospital,P,URVIL HOSPITAL,"RANGPURA PHAPHAMAU,PRAYAGRAJ",8787064815,9,120,"100004,100005,100006,100015,100020,100023,100026",2025-08-20 16:02:28,25.526418,81.873690,PMJAY
HOSP9P25250130,250130,Hospital,P,SS HOSPITAL,"DUMARI HARIHARPUR KHALILABAD ,",8756699224,9,178,"100005,100006",2025-09-26 17:47:18,26.667292,83.004335,PMJAY
HOSP9P25291979,291979,Hospital,P,SHATABDI HOSPITAL,"SAI DATA MARG ARJUN GANJ SULTANPUR ROAD LUCKNOW,",9935548007,9,162,,2025-12-22 18:19:48,26.802032,80.993203,PMJAY
HOSP3P31431,331431,Hospital,P,LIFE KARE HOSPITAL,"3,4,5 NIRANKARI COLONY F.G.C ROAD",9798880808,3,27,"100005,100006,100015,100023",2021-05-06 15:07:00,31.66514,74.87469,PMJAY
HOSP3P55559,355559,Hospital,P,KIDNEY HOSPITAL AND LIFELINE MEDICAL INSTITUTIONS,"63-64, WARYAM NAGAR,COOL ROAD",9872588025,3,34,,2021-05-06 15:07:00,31.304506,75.587454,PMJAY
HOSP3P58279,358279,Hospital,P,Raja Diagnostic centre and Hospital,"Near Chandigarh road, Nawanshahr,",9115900908,3,40,"100002,100005,100006,100015",2022-04-03 12:29:33,31.12,76.12,PMJAY
HOSP3P58777,358777,Hospital,P,NHS HOSPITAL A UNIT OF NASA BRAIN AND SPINE CENTRE,"128, GURU NANAK NAGAR  KAPURTHALA ROAD",9888954547,3,34,"100002,100005,100011,100013,100015",2026-04-30 15:52:00,31.33571,75.55713,PMJAY
HOSP3P81402,381402,Hospital,P,City hospital,"green field majitha road Amritsar,",9855435868,3,27,100006,2020-07-16 13:11:40,31.67,74.89,PMJAY
HOSP3P84011,384011,Hospital,P,BIKRAM JOINT AND TRAUMA CENTRE,"giani zail singh market, sadiq road faridkot,",9888550485,3,29,100015,2019-06-24 22:09:27,30.68680628592834,74.7468922700881,PMJAY
HOSP5P02952,502952,Hospital,P,Shubham Surgical Center Nursing Home,"Rudrapur,30/1, D1-D2, Civil Lines",8077611152,5,56,"100005,100006,100013",2024-03-14 16:08:57,28.9813500000001,79.397907,PMJAY
HOSP6P01082,601082,Hospital,P,GEETANJALI HOSPITAL AND EYE CARE CENTRE,"Rohtak road charkhi dadri,",9728417299,6,701,100013,2019-04-05 11:34:47,28.59977096090509,76.27484725223019,PMJAY
HOSP6P01620,601620,Hospital,P,Park Hospital A unit of Aggarwal Hospital and Research Services Pvt Ltd ,"SECTOR-10,OPPOSITE COURT FARIDABAD HARYANA,",9212300807,6,60,"100001,100002,100003,100005,100006,100008,100011,100012,100013,100015,100016,100017,100019,100020,100022,100023",2021-03-17 11:15:19,28.377256,77.326025,PMJAY
HOSP6P01974,601974,Hospital,P,DR S P YADAV HOSPITAL,"DR S P YADAV HOSPITAL,CIRCULAR ROAD, KANOD GATE",8901443899,6,72,,2025-01-07 14:21:07.209,28.1919738,76.6190774,PMJAY
HOSP6P02138,602138,Hospital,P,k k health care centre,"house no 238,sector 5 urban estate",9582983064,6,62,"100005,100006,100012,100014,100015,100016,100017,100020,100026",2019-06-10 16:40:01,28.48318746428805,77.01774992396486,PMJAY
HOSP6P02242,602242,Hospital,P,HOSPITAL,"cygnus hospital,",8396961222,6,68,"100001,100002,100005,100006,100007,100012,100014,100015,100019,100020,100023,100026",2018-09-16 15:51:37,29.97211114613397,76.83764975349845,PMJAY
HOSP6P02352,602352,Hospital,P,a one creations ,"NH SITE NO. 1 A ONE CREATIONS PVT. (MIRCHIA HOSPITAL) SECTOR 15 PANCHKULA,",8847088951,6,70,"100013,100026",2021-03-17 11:15:19,30.685464,76.8407670000001,PMJAY
HOSP6P02739,602739,Hospital,P,DHILLON NURSING HOME,"12 A sharda nagar jalbeda road Ambala city,",9728700272,6,58,"100006,100012,100026",2018-09-19 15:18:06,30.3654835998195,76.7668900595437,PMJAY
HOSP6P02950,602950,Hospital,P,Surya Hospital,"opp chandranchal banquet hall,Kunjpura Road Karnal",9896023004,6,67,,2018-10-09 12:07:01,29.692043634761745,76.99316203708713,PMJAY
HOSP6P03271,603271,Hospital,P,HARYANA MULTISPECIALITY HOSPITAL,"VIVEKANAND CHOWK,",7988100969,6,75,"100005,100006,100012,100015,100023",2026-05-09 20:36:38,28.996012,77.023049,PMJAY
HOSP6P03431,603431,Hospital,P,R K HOSPITAL,"R.K HOSPITAL 3C/59 B.P NIT FARIDABAD,NIT-3 NEAR ESIC MEDICAL COLLAGE",9711795663,6,60,,2018-12-03 11:14:39,28.3914520000001,77.292895,PMJAY
HOSP6P03485,603485,Hospital,P,NATIONAL INSTITUTE OF MEDICAL SCIENCES,"SECTOR 23 A,NEAR DRONACHARYA SCHOOL",9311114800,6,60,,2019-09-06 10:12:07,28.357223,77.296806,PMJAY
HOSP6P03536,603536,Hospital,P,PALWAL HOSPITAL,"OLD G T ROAD,NEAR NEW SOHNA MOD",9311114800,6,619,"100005,100006,100012,100023",2018-09-17 17:23:11,28.137199553726703,77.32878323404566,PMJAY
HOSP6P03603,603603,Hospital,P,Malik Medical and Diagnostic Centre,"508 A, Sector 12 A,",9780431124,6,70,"100005,100006,100017,100023,100026",2018-10-09 12:22:29,30.6726600000001,76.8512180000001,PMJAY
HOSP6P04275,604275,Hospital,P,DHIR VISION CENTRE,"OPPOSITE SANJEEVANI HOSPITAL, NAYA GAON MOAD, KOSLI REWARI,",8307972489,6,72,,2018-09-16 18:33:43,28.410485,76.454475,PMJAY
HOSP6P04311,604311,Daycare Centre,P,GUPTA EYE HOSPITAL,"H.NO-685 SECTOR 12A PANCHKULA,",9815748648,6,70,100013,2021-03-17 11:15:19,30.672665,76.853456,PMJAY
HOSP6P04332,604332,Hospital,P,DR R B YADAV HOSPITAL,"CIRCULAR ROAD, NEAR DHARUHERA CHUNGI",9992373475,6,72,,2019-01-25 11:50:59,28.19889,76.62416,PMJAY
HOSP6P04621,604621,Hospital,P,SHANTI DEVI MEMORIAL HOSPITAL,"KHERI MORE SECTOR 89 GREATER FARIDABAD,",8800664385,6,60,,2018-09-17 17:07:01,28.415465,77.367191,PMJAY
HOSP6P12565,612565,Hospital,P,SAIPRASANN MEDICENTRE AND SATYA CLINIC,89 Devi Murti colony Panipat HR,9728104477,6,71,"100006,100026",2018-10-09 12:24:16,29.39874,76.97427,PMJAY
HOSP6P14086,614086,Hospital,P,Centre for Sight ,"SCO Complex -317 Sector 29 ,Gurgaon ",9958422442,6,62,,2021-03-17 11:15:19,28.463919,77.065396,PMJAY
HOSP6P23554,623554,Hospital,P,ANCHAL MULTISPECIALITY HOSPITAL AND MATERNITY CENTER,"DINOD GATE,BHIWANI",9812667300,6,59,"100005,100006,100010,100012,100015,100016,100017,100023",2024-04-30 13:25:07,28.800829664585436,76.13507528675814,PMJAY
HOSP6P32461,632461,Hospital,P,Madaan Hospital,MADAAN HOSPITAL ASSANDH ROAD MODEL TOWN,9996923560,6,71,,2019-10-31 17:31:10,29.39423,76.95692,PMJAY
HOSP6P51702,651702,Hospital,P,JANGRA HOSPITAL AND MATERNITY CENTRE,Jangra Hospital And Maternity Centre Near New Bus Stand Rohtak Road Bhiwani,9812600368,6,59,"100005,100006,100012,100015,100016,100023",2024-07-12 14:44:25,28.79621,76.16305,PMJAY
HOSP6P55211,655211,Hospital,P,green tree hospital a unit of ram health care,Jind road Barwala ,8890469676,6,63,"100005,100006,100026",2025-03-06 12:15:23.257,29.36408,75.90678,PMJAY
HOSP6P55883,655883,Hospital,P,MAYOM HOSPITAL,"d block South City 1,South City-1",9899247437,6,62,,2026-05-31 10:22:10,28.458761,77.059631,PMJAY
HOSP6P68610,668610,Hospital,P,Sarvodaya Hospital and Research Centre,"YMCA ROAD, SEC-8, Faridabad,yMCA, sEC-8, fARIDABAD",7290051429,6,60,"100008,100021,100026",2021-03-17 11:15:19,28.367653,77.336220,PMJAY
HOSP6P89911,689911,Hospital,P,INSTITUTE OF REPRODUCATION CHILD CARES,"Nursing Home Site No-3 Sector-17,",9417139799,6,70,"100010,100012,100017,100026",2019-04-25 11:14:02,30.697686,76.835180,PMJAY
HOSP6P95473,695473,Hospital,P,sarvodaya multispeciality and cancer hospital,"OPP RED CROSS BHAWAN,DELHI ROAD, HISAR",9254437776,6,63,"100002,100005,100006,100011,100012,100015,100021",2019-06-10 16:38:45,29.140953940266584,75.73331698563663,PMJAY
HOSP9P00873,900873,Hospital,P,DR K C MEMORIAL GUPTA HOSPITAL,"Opp P.W.D Office Railway Station, Budh Bazar Gajraula Distt Amrooha,",8954185965,9,154,,2018-08-29 20:25:26,28.837068,78.248146,PMJAY
HOSP9P01368,901368,Hospital,P,choudhary multispeciality hospital  ,shaheed Vinod yadav dear Giri market Loni ,9350827933,9,145,"100005,100015,100023",2018-08-29 20:08:09,28.7495971,77.2811673,PMJAY
HOSP9P03956,903956,Hospital,P,BOHRA SPECIALITY HOSPITAL AND TRAUMA CENTRE,"Ramnagar Road, Near Railway Crossing, Kashipur,",9837783966,5,56,,2018-11-13 11:50:27,29.22945563593626,78.97406661294349,PMJAY
HOSP9P69030,969030,Hospital,P,lifehospital and traumacentre,"Lifehospital,Chatthameel sitapur road lucknow",9807768922,9,162,"100005,100006,100012,100015,100023",2018-12-21 20:16:16,26.9651640000001,80.8328965000001,PMJAY
HOSP9P71588,971588,Hospital,P,AMETHI HOSPITAL CONDUCTED BY AMETHI CHARITABLE EVAM MEDICAL SANSTHAN,"RAMBAGH ROAD MUNSHIGANJ AMETHI,RAMBAGH ROAD MUNSHIGANJ AMETHI",9919604177,9,162,"100005,100006,100013,100015",2019-05-21 11:57:34,26.751844,81.158286,PMJAY
HOSP20P11332,2011332,Hospital,P,PARAS HOSPITAL JAMTARA,"block road jamtara,paras hospital jamtara",7065507100,20,333,"100001,100004,100005,100006,100012,100013,100015,100017,100019,100023,100026",2018-09-21 06:58:45,23.965050999998027,86.79073500000095,PMJAY
HOSP20P14142,2014142,Hospital,P,Krishna Nursing Home,"Plot No 128 , Cooperative Colony,Cooperative Colony",9835103577,20,322,"100004,100026",2018-10-14 11:48:28,23.65033148476917,86.13338981494257,PMJAY
HOSP20P14164,2014164,Hospital,P,J P HOSPITAL & RESEARCH CENTRE,"BALIAPUR ROAD,MANJHLADIH KOLA KUSHMA DHANBAD",7979018827,20,325,"100001,100004,100005,100006,100010,100013,100015,100017,100019,100023,100026",2019-07-05 14:08:52,23.8121766,86.4642666,PMJAY
HOSP20P16218,2016218,Hospital,P,Sanjeev netralaya & dental care centre,west singhbhum,7070454544,20,343,,2024-01-12 23:59:49.76,22.535802,85.814949,PMJAY
HOSP20P19541,2019541,Hospital,P,Matrichhaya children hospital,"Matri chhaya Children Hospital,Behind indralok mall,main road ",7717773877,20,332,"100004,100005,100010,100017,100026",2021-03-13 19:44:05,23.991373153993777,85.35457440664231,PMJAY
HOSP20P85219,2085219,Hospital,P,MANGLAM NETRALAYA,"thana road near jamtara college,near jamtara college",7979968462,20,333,,2024-06-16 09:25:54.18,23.9584594,86.805455,PMJAY
HOSP20P98380,2098380,Hospital,P,G D BAGERIYA SEWA SADAN BORO,BORO,9905782307,20,329,"100005,100006,100015",2019-07-09 11:18:10,24.1963288,86.2815135,PMJAY
HOSP2P136838,2136838,Hospital,P,Himachal HealthCare Pvt Ltd,"Fortis Hospital Kangra Near By Smart Bazar,",8894018000,2,18,"100002,100005,100006,100010,100015,100023",2023-12-06 11:49:29,32.115849,76.282162,PMJAY
HOSP24P71990,2471990,Hospital,P,SHRI HARIKRUSHNA MULTISPECIALITY HOSPITAL,"FIRST FLOOR, MARUTI COMPLEX,BUS STAND-MALAV TALAV ROAD,DHOLKA",9824253959,24,438,"100006,100012,100015",2019-02-11 13:59:26,22.726836,72.4354290000001,PMJAY
HOSP3P102242,3102242,Hospital,P,Umeed Multispeciality Hospital,"dhuri - Patiala Bypass Road,",9821965303,3,43,"100006,100015,100019,100020,100023",2019-11-08 11:27:43,30.2497104,75.8650034,PMJAY
HOSP3P102566,3102566,Hospital,P,GurAmrit hospital,"partap avenue, GT road,opp Mall of amritsar",9988092122,3,27,100005,2021-09-21 17:01:29,31.619711,74.903826,PMJAY
HOSP3P102568,3102568,Hospital,P,Taneja Hospital,"Near Over bridge, jagaron,G t Road",9878633047,3,36,100015,2019-11-01 11:13:59,30.81006994656667,75.48227341768711,PMJAY
HOSP3P121221,3121221,Hospital,P,SIDANA MULTISPECIALITY HOSPITAL,"SIDANA MULTISPECIALITY HOSPITAL,",9888891002,3,27,"100005,100006,100012,100015,100023",2021-04-15 10:38:51,31.6662860000001,74.7111300000001,PMJAY
HOSP5P116632,5116632,Hospital,P,ARIHANT ADVANCE SURGICAL AND FERTILITY CENTRE ,"18, Haridwar Road , Shastri Nagar Dehradun ,",8477015555,5,49,"100005,100006,100012,100015,100023",2026-07-03 12:16:51,30.291702,78.0596580000001,PMJAY
HOSP5P123335,5123335,Hospital,P,Ujala Hospital Unit 2,"OPPT GOVT HOSPITAL RAMNAGAR ROAD KASHIPUR,oppt govt hospital ramnagar road kashipur",8909617823,5,56,"100004,100005,100006,100010,100012,100013,100015,100016,100017,100023",2022-11-24 10:42:28,29.2731240000001,79.017141,PMJAY
HOSP5P136601,5136601,Hospital,P,SUSHRUT POLYCLINIC AND TRAUMA CENTRE,"45, New Haridwar Colony,",7830000623,5,50,"100005,100015",2022-06-27 16:44:09,29.93236596030451,78.13456918172778,PMJAY
HOSP5P148315,5148315,Hospital,P,PANACEA HOSPITAL,"197, Haridwar Road, Near Rispana Bridge, Dehradun,",8630070909,5,49,,2026-05-19 12:59:46,30.296302,78.055754,PMJAY
HOSP5P149149,5149149,Hospital,P,VEDANTA HOSPITAL,"RAMNAGAR ROAD,NEAR SBI MAIN BRANCH",7227060500,5,56,"100004,100005,100006,100010,100012,100017,100026",2023-08-14 16:14:15,29.221918,78.966330,PMJAY
HOSP5P156088,5156088,Hospital,P,Aryan Multi Speciality Hospital,"Ground Floor, Gurudwara Langar Hall, Doiwala, ,",9410742022,5,49,"100004,100005,100006,100010,100012,100015,100017,100026",2023-04-18 18:06:20,30.176814,78.1287820000001,PMJAY
HOSP5P166338,5166338,Hospital,P,POWER LIFE CARE HOSPITAL,"SAHARANPUR ROAD NEAR BMW SHOWROOM MOHABBEWALA, DEHRADUN,",9897862441,5,49,"100005,100006,100015,100017,100023",2023-12-05 16:25:17,30.265483139363354,77.98361098862279,PMJAY
HOSP5P187298,5187298,Hospital,P,Ogeasvi Hospital,"Ladpur, Raipur Road, Dehradun,",8859101877,5,49,"100004,100005,100006,100026",2024-03-07 16:02:28,30.317337,78.080734,PMJAY
HOSP5P189020,5189020,Hospital,P,PRAKASHDEEP HOSPITAL,"Ekam Arkade,",9728103496,5,49,"100001,100005,100006,100012,100015,100020",2024-03-14 16:04:06,30.297947,78.005800,PMJAY
HOSP5P195154,5195154,Hospital,P,SK HOSPITAL,"JASPUR MOR KASHIPUR,",9927138436,5,56,,2024-03-15 15:03:05,29.210673,78.961793,PMJAY
HOSP5P201032,5201032,Hospital,P,ARIHANT ADVANCE SURGICAL AND FERTILITY CENTRE,"nagar palika parking, Main Badrinath Road,",7055705579,5,47,"100004,100005,100006,100026",2024-07-19 11:52:22,30.40448920213626,79.33080622250895,PMJAY
HOSP5P205234,5205234,Hospital,P,SAHAJEEVAN HOSPITAL,"Sahajeevan Hospital Bus Stand Gopeshwar Chamoli,",9456080408,5,47,"100004,100005,100006,100013,100015",2024-11-06 14:00:13,30.409977331971064,79.31666724903016,PMJAY
HOSP6P101712,6101712,Hospital,P,VIRK HOSPITAL,"VIRK HOSPITAL ,SECTOR 17 URBAN ESTATE KURUKSHETRA",9416035036,6,68,100012,2022-10-06 11:09:24,29.970002,76.837869,PMJAY
HOSP6P102618,6102618,Hospital,P,Sachin Hospital,"New Sohna Rd, Palwal,",9215566950,6,619,"100005,100006,100015,100017,100023,100026",2019-12-20 10:51:13,28.14,77.32,PMJAY
HOSP6P107753,6107753,Hospital,P,VISHWAKARMA HOSPITAL,"NEAR 33 KV BIJLI BOARD,",9817784096,6,604,"100004,100006,100012,100015,100023",2019-12-20 11:12:27,28.20949991612784,76.94338960048418,PMJAY
HOSP6P118993,6118993,Hospital,P,KIRTI HOSPITAL,1315/4 park road ,9138720646,6,66,"100005,100006,100012,100023",2021-02-11 11:20:15,29.8046178467185,76.402427781637,PMJAY
HOSP6P120243,6120243,Hospital,P,Sharma eye hospital,"Bawa tarana road,",9813268900,6,75,100013,2023-12-05 16:25:17,29.00,77.03,PMJAY
HOSP6P121116,6121116,Hospital,P,Life Care Hospital,"LADWA road near icici bank ,",8295533726,6,68,"100004,100005,100006,100015,100016,100020",2022-12-01 09:51:23,30.1768470000001,76.7774570000001,PMJAY
HOSP6P124273,6124273,Hospital,P,ANEJA BHOGAL MULTISPECIALITY HOSPITAL,"OPP.HUDA COMMERCIAL CENTER, SIKKA COLONY, DELHI ROAD",9812591077,6,75,"100005,100006,100015",2023-11-17 15:31:14,27.2046,77.4977,PMJAY
HOSP6P126233,6126233,Hospital,P,SHIVAM HOSPITAL,"SHIVAM HOSPITAL,",8813000330,6,74,"100005,100006,100012,100015,100023",2022-07-29 16:06:47,29.5375560000001,75.0321950000001,PMJAY
HOSP6P127614,6127614,Hospital,P,ROHTAK CANCER CARE HOSPITAL& RESEARCH CENTRE ,"Narang Plaza,Near jat Bhawan, Rohtak",9254719000,6,73,"100005,100006,100008,100015,100016,100022,100023,100026",2021-10-22 13:04:20,28.8900100000001,76.626986,PMJAY
HOSP6P130946,6130946,Hospital,P,Dr. Anant Ram Janta Hospital Pvt. Ltd.,"Civil Hospital Road, Barwala",9416042096,6,63,,2022-03-24 14:36:15,29.364075,75.906776,PMJAY
HOSP6P134238,6134238,Hospital,P,MAX FORT HOSPITAL,"GURU SADAN, BARWASNI,SONIPAT,",8930022260,6,75,"100005,100006,100012,100013,100015,100016,100023",2023-12-13 14:36:41,29.012572,76.962279,PMJAY
HOSP6P138682,6138682,Hospital,P,KRITI HOSPITAL,"Plot No. 13, Sector 56,",9899404221,6,62,"100005,100006,100012,100015,100016,100017,100023",2022-05-05 09:58:19,28.39,77.05,PMJAY
HOSP6P145777,6145777,Hospital,P,G K Super Specialty Hospital,"Gaurav Shikshan Sansthan, Ajam Nagar, Narnaul,",7988263974,6,69,"100005,100006,100012,100015",2023-02-28 12:50:13,28.116586,76.10326,PMJAY
HOSP6P148185,6148185,Hospital,P,AASTHA HOSPITAL,"ZOO ROAD,zoo road , housing board colony , bhiwani haryana 127021",8529746669,6,59,,2024-11-21 10:17:33,28.803639,76.143441,PMJAY
HOSP6P159468,6159468,Hospital,P,Hasija Hospital,"NH 44, sector 57, Kundli Industrial Area, 131028 Sonipat,",9812032202,6,75,,2023-12-05 10:07:24,28.880142642613094,77.12095651786319,PMJAY
HOSP6P164035,6164035,Hospital,P,AL SALAM HOSPITAL,"OPPOSITE TO NEW ANAJ MANDI ,GATE NO 2 , AL SALAM HOSPITAL,TAURU , NUH ROAD , TAURU , NUH , HARYANA, OPPOSITE TO NEW ANAJ MANDI ,GATE NO 2 ,TAURU, NUH ROAD , TAURU , NUH , HARYANA ",8221886675,6,604,"100005,100006,100010,100012,100013,100015,100017,100023",2024-06-27 15:23:25,28.2083170192211,76.95488230352578,PMJAY
HOSP6P168134,6168134,Hospital,P,DHARAMPUTRA HOSPITAL,"24-25 KM STONE, VILL- CHIRANA, DISTT- SONIPAT, HARYANA",7500865646,6,75,"100005,100006,100012,100015",2024-01-03 11:46:56,29.21959,76.80064,PMJAY
HOSP6P168156,6168156,Hospital,P,M K DATTA HOSPITAL,"3695/17, cross road 1Punjabi Mohalla, Sadar Bazar Ambala Cantt Haryana ,",9996121818,6,58,,2024-07-29 11:18:29,30.340100000000035,76.84600000000012,PMJAY
HOSP6P206845,6206845,Hospital,P,VIDHATA NURSING HOME,"Near Bus Stand, Uklanamandi,",9729331818,6,63,,2025-02-14 16:06:41,29.480410,75.979690,PMJAY
HOSP9P111307,9111307,Hospital,P,UNIQUE HOSPITAL & ULTRASOUND CENTRE,"Near Golghar Mandi Dhanaura,",9412409781,9,154,"100005,100006,100012",2020-03-17 12:33:58,28.968273,78.249857,PMJAY
HOSP9P119775,9119775,Hospital,P,Ayushman Hospital ,"35 AYUSHMAN HOSPITAL,SAFI COLONY GARH DELHI ROAD SAIMBHAWALI DISTRICT HAPUR",9313331906,9,661,,2020-08-26 16:10:59,28.761047,77.984002,PMJAY
HOSP9P122565,9122565,Hospital,P,AIM PARAS HEALTH CARE HOSPITAL,"qazizadgan, gokul nagar chandpur,",8899953777,9,132,"100006,100012,100015,100023",2021-03-17 13:27:26,29.137319,78.273424,PMJAY
HOSP9P131011,9131011,Hospital,P,PANACEA HOSPITAL A UNIT OF AAROHA HEALTHCARE PVT LTD ,"B 36/44 B-4, KABIR NAGAR, DURGAKUND,KABIR NAGAR, DURGAKUND",9935524898,9,187,"100005,100006,100010,100012,100013,100015,100017,100023",2026-06-03 16:50:36,25.288698,82.993433,PMJAY
HOSP9P131322,9131322,Hospital,P,Ashok Hospital,"C C Road  Ramnath Deoria,",8795493343,9,137,"100005,100006,100013",2024-05-21 18:19:46,26.491712,83.777204,PMJAY
HOSP9P131993,9131993,Hospital,P,PUSHPANJALI HOSPITAL ,"ARJUNGANJ LKO,ARJUNGANJ LUCKNOW",7275222984,9,162,"100001,100004,100005,100006,100010,100011,100012,100013,100014,100015,100016,100017,100019,100022,100023",2022-06-27 15:28:23,26.801024,80.993909,PMJAY
HOSP9P138178,9138178,Hospital,P,AMBE HOSPITAL AND TRAUMA CENTER,"OLD DELHI ROAD,",9899478586,9,661,"100004,100005,100006,100010,100017",2022-05-25 16:37:58,28.728877,77.767015,PMJAY
HOSP9P146374,9146374,Hospital,P,NEW LIFE HOSPITAL,"jani khurd baghpat road meerut ,",7078336967,9,169,"100005,100006,100015",2022-11-07 11:08:02,28.961911,77.5611840000001,PMJAY
HOSP9P146967,9146967,Hospital,P,Care Hospital,"Behind Samay Mata Mandir, Khalilabad,",9807930833,9,178,100006,2022-09-27 14:23:57,26.77184850382733,83.07084972450389,PMJAY
HOSP9P146968,9146968,Hospital,P,PURVANCHAL HOSPITAL,"SONBARSA BAZAR SARDARNAGR ROAD,",9839690113,9,148,100006,2022-10-25 11:52:56,26.740286,83.579010,PMJAY
HOSP9P147567,9147567,Hospital,P,UNIQUE HOSPITAL,"UNIQUE HOSPITAL,CHANDPUR NAUGAWAN ROAD",9336321751,9,132,100005,2022-11-07 11:49:23,29.136257,78.394629,PMJAY
HOSP9P149450,9149450,Hospital,P,MEENAL NURSING HOME,"E-4 RAIL VIHAR ROAD RAPTI NAGAR PHASE -4 CHARGAWAN GORAKHPUR,",7905277511,9,148,,2023-02-01 14:43:38,26.806112,83.389493,PMJAY
HOSP9P149528,9149528,Hospital,P,Munmun Clinic and Maternity Home,"Bangla Tal Chauraha,Near Sony Hotel",9919532405,9,178,"100006,100012",2023-08-30 16:32:30,26.867466,83.1317240000001,PMJAY
HOSP9P149986,9149986,Hospital,P,MAHA LAXMI HOSPITAL AND TRAUMA CENTER,"NEAR NAYA BAS BUS STAND BULANDSHAHR ROAD SIYANA,BULANDSHAHR ROAD SIYANA",9568009988,9,134,"100005,100006,100012,100013,100017",2023-03-20 18:25:10,28.605626,78.043686,PMJAY
HOSP9P155640,9155640,Hospital,P,SUNRISE HOSPITAL,"sunrise hospital,KHICHRA BUS STAND MASURI GULAVATHI ROAD DHAULANA",9313026767,9,661,"100005,100012,100015,100017",2023-03-31 13:30:51,28.621627,77.722774,PMJAY
HOSP9P155878,9155878,Hospital,P,NEWLIFE HOSPITAL,"NEW LIFW HOSPITAL,NTPC ROAD PIPLEHDA DHOLANA",7078336967,9,661,"100005,100006,100012,100015,100017",2023-04-03 16:04:25,28.603860,77.742468,PMJAY
HOSP9P158833,9158833,Hospital,P,MMD ,"Kamasin Road,",6389911666,9,128,"100004,100005,100012",2024-02-06 15:52:52,25.5151950000001,80.90781,PMJAY
HOSP9P162718,9162718,Hospital,P,Bala Ji Hospital,By pass Khalilabad Sant Kabeer Nagar ,9795129444,9,178,"100005,100006",2023-08-30 16:29:22,26.778284,83.0730186,PMJAY
HOSP9P166326,9166326,Hospital,P,ONCOCARE CANCER HOSPITAL,"Village- Bhadonia NH 24 Near Toll Plaza JOYA DISTT AMROHA (UP),",9758449955,9,154,,2023-08-14 11:39:28,28.847394,78.473444,PMJAY
HOSP9P167934,9167934,Hospital,P,Gulaothi Pulse Superspeciality Hospital Pvt Ltd,"sikandrabad road gulaothi,",9838041477,9,134,100005,2023-07-21 17:34:21,28.562585,77.762917,PMJAY
HOSP9P168049,9168049,Hospital,P,Kalyan Hospital,EKRA MUSHTAFA SAFI BUILDING SITAPUR BYPASS CHAURAHA HARDI ROAD DUBAGGA LUCKNOW UP,8574723374,9,162,"100005,100006,100011,100012,100015,100023",2023-07-21 13:03:07,26.871500,80.899750,PMJAY
HOSP9P172375,9172375,Hospital,P,P R S HOSPITAL ,"JASPUR ROAD BHUTPURI,",7668087747,9,132,"100005,100006",2024-07-10 13:58:07,29.4347010000001,78.806899,PMJAY
HOSP9P177656,9177656,Hospital,P,SHANYA GLOBAL SCANNING AND RESEARCH PRIVATE LIMITED,"Plot No.-TC-49-V, VIII, Vibhuti Khand, Gomti Nagar, Lucknow ,",8765583930,9,162,"100005,100007,100008,100021,100022",2023-12-05 13:50:49,26.87165840382505,80.9968432838391,PMJAY
HOSP9P183883,9183883,Hospital,P,NEW LIFE HOSPITAL,"New life hospital, opp-PNB,,New life hospital, Near PNB,, kherikarmu, panipat kairana road",9761363119,9,660,"100004,100005,100006,100012,100026",2024-06-11 13:25:32,29.439714614536612,77.29332732200601,PMJAY
HOSP9P188330,9188330,Hospital,P,NEW ADARSH HOSPITAL,"SEMRAUNA POOL KE BAGAL ME,NARAYANPUR ROAD, RUDRAPUR",8181812230,9,137,"100006,100012",,26.441283,83.605845,PMJAY
HOSP9P189215,9189215,Hospital,P,Ayodhya Neatralaya Type Hospital,"Mehdawal Road,Mehdawal Road ",9696227022,9,178,,2025-02-07 16:29:53,26.928631,83.082466,PMJAY
HOSP9P195797,9195797,Hospital,P,R N HOSPITAL,"R N Hospital Near rajkiy digri college Gauribazar Road,Gauribazar Road",9415734919,9,137,"100005,100006,100012",,26.561878,83.662497,PMJAY
HOSP9P201419,9201419,Hospital,P,SURYA HOSPITAL,"RUDRAPUR MOD KATHINAIYA,",9819222645,9,137,"100005,100006,100015",,26.481956,83.779300,PMJAY
HOSP10P102828,10102828,Hospital,P,Prasad Hospital,"Prasad Hospital Brahampura ,",8969295953,10,208,"100002,100004,100005,100006,100011,100012,100014,100015,100016,100020,100023",2021-07-20 12:10:41,26.134374,85.365450,PMJAY
HOSP20P111165,20111165,Hospital,P,SAI SEVA SADAN,"HATA CHOWK PO JURI PS POTKA,HATA CHOWK",9835748583,20,327,,2024-01-13 00:00:23.106,22.6179770000001,86.1589460000001,PMJAY
HOSP20P118094,20118094,Hospital,P,NAYAN SUKH NETRALAYA,OPPOSITE LEMON CHILLI HIRAK ROAD SUGIADIH DHANBAD,8789332250,20,325,100013,2020-11-27 20:45:35,23.8263936,86.4596659,PMJAY
HOSP20P120230,20120230,Hospital,P,SUNJEEVANI NURSING HOME,"near central bank, dhansar dhanbad,",6202135738,20,325,100015,2021-10-29 14:11:38,23.780852,86.4154480000001,PMJAY
HOSP20P122665,20122665,Hospital,P,JANTA HOSPITAL ,"janta hospital,palmerganj near post office",9308348606,20,336,"100005,100006,100015",2021-03-20 09:53:44,23.443628579064978,84.68873322592617,PMJAY
HOSP20P130708,20130708,Hospital,P,Asarfi Hospital,"BARAMURI, P.O. - BISHUNPUR POLYTECHNIC, DHANBAD  - 828130",8227996523,20,325,"100001,100002,100003,100005,100006,100008,100010,100011,100012,100013,100014,100015,100017,100019,100020,100022,100023",2023-03-23 12:24:36,23.8210,86.4144,PMJAY
HOSP20G135800,20135800,Hospital,G,WELFARE HOSPITAL TIGRA,"TIGRATIKRA TOLI RATU RANCHI,",9504115982,20,339,100005,2022-02-24 22:12:58,23.4179330000001,85.2129780000001,PMJAY
HOSP20P138473,20138473,Hospital,P,HZB FORD HOSPITAL & ORTHO CARE,"Chharwa, Romi Chowk, Near Petrol Pump,",8317792546,20,332,"100005,100006,100015",2023-08-23 14:34:59,24.024114219182536,85.32491755233877,PMJAY
HS22011207,22011207,Hospital,P,MITTAL INSTITUTE OF MEDICAL SCEINCE,"MITTAL HOSPITAL, LODHIPARA CHOWK, RAIPUR,",9425504442,22,387,"100005,100006,100008,100011,100014,100015,100019,100020,100021,100022",2020-04-23 12:32:56,21.2602640000001,81.6587650000001,PMJAY
HOSP22P143292,22143292,Hospital,P,SWETA HOSPITAL,"rajgamar road risdi,near jila jail",6200007505,22,383,"100004,100005,100006,100010,100012,100015,100017",2022-09-07 13:05:29,22.363172,82.755940,PMJAY
HS24003153,24003153,Hospital,P,SAMVED ORTHOPEDIC  JOINT REPLACEMENT HOSPITAL,"yes plaza near ralway fatak ,univercety rod ",9978907135,24,455,"100015,100020",2018-09-14 13:06:28,23.852223,72.1249460000001,PMJAY
HS24012100,24012100,Hospital,P,Shri Jivan Jyot Arogya Seva Sangh Everest Hospital ,"Shri Mehta Gardi and Bhanu General Hospital,Dr Shyama prasad Mukharji Road",9998552135,24,675,"100001,100004,100005,100006,100010,100012,100013,100015,100017,100019,100020,100023,100026",2018-09-14 17:25:10,20.8271481,71.0451285,PMJAY
HS24015106,24015106,Hospital,P,DATTU HOSPITAL,"Mahavir Rd, Ganesh Chokdi, Sardar Ganj, Anand, Gujarat 388001,",9879145561,24,440,100005,2018-09-14 13:06:28,22.5614130000001,72.9630780000001,PMJAY
HS24026043,24026043,Hospital,P,Siddhi vinayak hospital ,"Siddhi vinayak hospital ,Surti bazar,near State bank of india",9879581484,24,641,"100015,100026",2018-09-14 13:06:28,21.110927195181816,73.39207331878879,PMJAY
HOSP24P134437,24134437,Hospital,P,healthcare,"e-31,35 pushkar business park near. d mart ,,bapunagar",9909033055,24,438,"100010,100012",2021-12-14 11:42:11,23.0383580000001,72.6308490000001,PMJAY
HOSP24P141271,24141271,Hospital,P,Kailashben Bhailalbhai Patel Hospital,"24-44 First Floor, Shakti Landmark, ,Harij Road, Becharaji",8460406291,24,451,"100006,100010,100012,100015,100017,100020,100023",2022-11-12 18:09:14,23.498400,72.043800,PMJAY
HOSP24T170981,24170981,Hospital,P,KASHIMAA HOSPITAL,"RISHABH SURGICAL HOSPITAL,SHALIMAR COMPLEX , HOTEL APPLE IN NI GALIMA  , BHARUCH,RISHABH SURGICAL HOSPITAL,SHALIMAR COMPLEX , HOTEL APPLE IN NI GALIMA  , BHARUCH",9913838333,24,442,"100010,100017",2024-07-23 10:55:07,21.700742,72.9922320000001,PMJAY
HOSP24P194753,24194753,Hospital,P,PARTH CHILDREN HOSPITAL,ABOVE DR MAHIPATBHAI HOSPITAL NEAR BY RAILWAY FATAK M N  COLLAGE ROAD VISNAGAR,9106341664,24,451,"100010,100017",2024-10-03 11:24:23,23.70240,72.54260,PMJAY
HOSP27P146079,27146079,Hospital,P,Mulshi Hospital,"Sr No 143 Lavale Phata ,Pirangut",8888647102,27,490,"100001,100002,100004,100005,100006,100007,100008,100009,100010,100011,100012,100013,100014,100015,100016,100017,100018,100019,100020,100022,100023",2022-07-08 21:40:17,18.5036301,73.6889263,PMJAY
HOSP27P210386,27210386,Hospital,P,Dr Rahul Kamde,"A/P-Boradi Tal-Shirpur Dist-Dhule,",0,27,474,,2025-02-18 05:16:21,21.5225160000001,74.8942240000001,PMJAY
HOSP27P211119,27211119,Hospital,P,SUVIDHA MULTISPECIALITY HOSPITAL & ICU,"PAP/G/60,BEHIND KASTURI MARKET, THERMAX CHOWK, CHINCHWAD, MAJJID ROAD, HAVELI, Pune- 411019 Pune",0,27,490,"100001,100002,100003,100004,100005,100006,100007,100008,100009,100010,100011,100012,100013,100014,100015,100016,100017,100018,100019,100020,100021,100022,100023,100026",2025-03-26 17:31:52,,,PMJAY
HOSP21P110051,785129867,Hospital,P,LAXMIKANTA HEALTH CARE BALASORE,"ITI SQAUARE BALASORE,",9997072069,21,346,"100005,100006,100010,100011,100012,100014,100015,100016,100017,100018,100020,100023",2025-03-04 15:54:02.567084,21.50273,86.9247500000001,PMJAY
HOSP21P110052,785129868,Hospital,P,LIFECARE HOSPITAL,"OT ROAD,ITI CHHAK,",9776332588,21,346,100005,2025-03-04 15:54:02.567084,21.491105695548256,86.91874788487229,PMJAY
HOSP21P110056,785129872,Hospital,P,RAMKRISHNA SEVA KENDRA LLP,SAHABAJIPUR,7682806822,21,346,"100004,100005,100006,100012",2025-03-04 15:54:02.567084,21.6242,87.4826,PMJAY
HOSP21P110071,785129887,Hospital,P,SAI KRUPA POLY CLINIC AND HOSPITAL,"AT-BHATLI CHOWK, PO/DIST-BARGARH",9437134268,21,347,"100006,100012,100015,100017",2025-03-04 15:54:02.567084,21.332701,83.643303,PMJAY
HOSP21P110079,785129895,Hospital,P,BHOOMIKA EYE HOSPITAL,"NH-16, At-Dahanigadia Chhak, Bhadrak, Pin-756101, Odisha",9437925477,21,348,"100001,100002,100003,100004,100005,100006,100007,100008,100009,100010,100011,100012,100013,100014,100015,100016,100017,100018,100019,100020,100021,100022,100023,100026,100028",2025-03-04 15:54:02.567084,21.0574° N,86.4963° E,PMJAY
HOSP21P110100,785129916,Hospital,P,PUJAHARI HOSPITAL,KANDHAPALI PADA,9938109525,21,345,,2025-03-04 15:54:02.567084,20.71047,83.47846,PMJAY
HOSP21P110113,785129929,Hospital,P,AMA HOSPITAL,"niali, nuagaon,",9658902762,21,350,"100006,100012",2025-03-04 15:54:02.567084,20.14002417907882,86.05416198845302,PMJAY
HOSP21P110119,785129935,Hospital,P,CHITTARANJAN SEVA SADAN & HOSPITAL,"AT-ALOK NAGAR, PUBAKHANDA, PO/PS-NIALI, DIST - CUTTACK, ODISHA",9861085481,21,350,"100005,100006,100012,100016",2025-03-04 15:54:02.567084,20.1304467,86.0676202,PMJAY
HOSP21P110129,785129945,Hospital,P,JEEVAN JYOTI NURSING HOME,"AT-PO- KISHANNAGAR  PS-KISHANNAGAR PIN-754131, ",7205682153,21,350,100016,2025-03-04 15:54:02.567084,20.42605202676546,86.08549966115032,PMJAY
HOSP21P110159,785129975,Hospital,P,SHREE DURGA EYE HOSPITAL,"At. Nuagaon,Po. Nuagaon, Dist . Cuttack",7504080138,21,350,100013,2025-03-04 15:54:02.567084,20.14093,86.05300,PMJAY
HOSP21P110172,785129988,Hospital,P,ADOREASIA HOSPITAL,"FANDI ROAD , KATHAGOLA SAHI,MANGALABAG , CUTTACK",9776177755,21,350,"100005,100006,100012,100015,100016",2025-03-04 15:54:02.567084,85.8876,20.4750,PMJAY
HOSP21P110174,785129990,Hospital,P,ARCHIE HOSPITAL,"AT-GANDARPUR,NEAR BHARAT PETROLPUMP,PO-COLAGE SQUARE,PS-CHAILIAGANJ,DIST-CUTTACK",6370767029,21,350,"100005,100006,100009,100012,100014,100015,100016,100017",2025-03-04 15:54:02.567084,20.4635,85.9042,PMJAY
HOSP21P110186,785130002,Hospital,P,CHANDI DAS EYE HOSPITAL,"PURIGHAT, TELENGA BAZAR, ",9861126636,21,350,100013,2025-03-04 15:54:02.567084,20.4569918,85.8719227,PMJAY
HOSP21P110188,785130004,Hospital,P,CURE HOSPITAL,"AT-MERIABAZAR,CANAL ROAD ,PO- BUXIBAZAR, CUTTACK",9178105408,21,350,"100005,100006,100012,100016",2025-03-04 15:54:02.567084,20.471722,85.875441,PMJAY
HOSP21P110195,785130011,Hospital,P,DURGA NURSING HOME,"MANI SAHU CHHAK , NEAR HADI BANDHU SCHOOL , CUTTACK",9937213873,21,350,"100005,100006,100012,100016",2025-03-04 15:54:02.567084,20.477893,85.878432,PMJAY
HOSP21P110201,785130017,Daycare Centre,P,IDEAL HEMODIALYSIS HOUSE,NEAR BPCL PETROL PUMP,9348505158,21,350,100005,2025-03-04 15:54:02.567084,20.4757136,85.8740566,PMJAY
HOSP21P110202,785130018,Hospital,P,IDEAL NURSING HOME,BUXI BAZAR,9439301669,21,350,"100004,100005,100006,100009,100012,100015,100016,100017,100026",2025-03-04 15:54:02.567084,20.4754819,85.8741122,PMJAY
HOSP21P110217,785130033,Hospital,P,MAHAPATRA HOSPITAL,"SAANTA SAHI,CUTTACK",9853331338,21,350,100004,2025-03-04 15:54:02.567084,20.466846,85.882947,PMJAY
HOSP21P110220,785130036,Hospital,P,MISHRA EYE CARE,"POTAPOKHARI NAYABAZAR CUTTACK,",8763608533,21,350,100013,2025-03-04 15:54:02.567084,20.454976,85.917202,PMJAY
HOSP21P110240,785130056,Hospital,P,RAINBOW HOSPITAL,"OLD RAUSAPATNA,SAMANTASAHI,CUTTACK",8249830234,21,350,"100005,100006,100012,100015,100016",2025-03-04 15:54:02.567084,20.4676616,85.8768142,PMJAY
HOSP21P110250,785130066,Hospital,P,SAI HOSPITAL ANNEX,"Mirkamal Patna Mangalabag ,",7978635329,21,350,"100005,100006,100012,100015,100016",2025-03-04 15:54:02.567084,20.467631690997706,85.88810432203911,PMJAY
HOSP21P110262,785130078,Hospital,P,SATAYU NURSING HOME,"mahatab road,dolamundai, cuttack",9437926506,21,350,"100005,100006,100012,100015,100016",2025-03-04 15:54:02.567084,20.4620392,85.8841928,PMJAY
HOSP21P110281,785130097,Hospital,P,SS HOSPITAL,"PLOT NO-59/787, KHATA NO-131/27, MOUZA CUTTACK SAHAR, UNIT NO-20, MANGALABAG, GROUND FLOOR & FIRST FLOOR STORIED BUILDING, AT-KATHAGOLA ROAD MANGALABAG, PO-BUXI BAZAR, PS-MANGALABAG, DIST-CUTTACK. PIN-753001",9437315045,21,350,"100004,100005,100006,100009,100012,100015,100016,100017,100026",2025-03-04 15:54:02.567084,20.4757272,85.8870861,PMJAY
HOSP21P110399,785130215,Hospital,P,SUKANYA HOSPITAL,"CHARCHIKA BAZAR JAGATSINGHPUR,",7978020250,21,355,,2025-03-04 15:54:02.567084,20.25227566541996,86.18593206884725,PMJAY
HOSP21P110410,785130226,Hospital,P,BHOOMIKA HOSPITAL,"At/Po-Jaraka, NH-16, PS-Dharmasala, Dist-Jajpur, Pin-755050, Odisha",9437076732,21,356,"100005,100006,100010,100012,100015,100016,100017,100019,100023",2025-03-04 15:54:02.567084,20.760393° N,86.1534223° E,PMJAY
HOSP21P110411,785130227,Hospital,P,DR. BK MOHANTY MEMORIAL HEALTH CARE SERVICES,At-Gariapur,9337577770,21,356,"100005,100006,100012,100015,100016",2025-03-04 15:54:02.567084,20.850305,86337944,PMJAY
HOSP21P110450,785130266,Hospital,P,SHREE BALAJI NURSING HOME,"Paradeshipara, Infrontof Balaji Temple, Bhawanipatna, Kalahandi-766001",7008303575,21,358,,2025-03-04 15:54:02.567084,19.90650,83.15364,PMJAY
HOSP21P110548,785130364,Hospital,P,HILLSIDE NURSING HOME,"92 Dumuduma A , Khandagiri",8249468260,21,362,"100002,100004,100005,100006,100007,100008,100010,100011,100012,100014,100015,100016,100018,100019,100020,100021,100022,100023,100026",2025-03-04 15:54:02.567084,20.25404718,85.78790434,PMJAY
HOSP21P110597,785130413,Hospital,P,USTHI HOSPITAL,"N4 1/1, irc village, nayapalli, bhubaneswar",9937281647,21,362,"100001,100002,100003,100004,100005,100006,100007,100008,100009,100010,100011,100012,100013,100014,100015,100016,100017,100018,100019,100020,100021,100022,100023,100026,100028",2025-03-04 15:54:02.567084,20.2843,85.814659,PMJAY
HOSP21P110620,785130436,Hospital,P,DIVYAJYOTI CLINIC AND HOSPITAL,"At/P.o-BAHADA ,via-Khandapada, Dist;-Nayagarh",9861830100,21,367,"100005,100006,100012",2025-03-04 15:54:02.567084,20.2575626,85.2090224,PMJAY
HOSP21P110627,785130443,Hospital,P,NEW SRI RAM HOSPITAL,NAYAGARH,7504667787,21,367,"100005,100006,100012",2025-03-04 15:54:02.567084,20.1271714,85.1093017,PMJAY
HOSP21P110637,785130453,Hospital,P,SHRI NARSINGHNATH SURGICAL HOSPITAL,AT/PO-KHARIAR ROAD,7606050304,21,368,"100001,100002,100003,100004,100005,100006,100007,100008,100009,100010,100011,100012,100013,100014,100015,100016,100017,100018,100019,100020,100021,100022,100023,100026,100028",2025-03-04 15:54:02.567084,20.8934,82.51449,PMJAY
HOSP21P110640,785130456,Hospital,P,ANANTA BALIA SWASTHYA SEVA NIKETAN,AT/PO- Charichhak,8249599959,21,369,"100006,100012",2025-03-04 15:54:02.567084,20.0615921,86.0812205,PMJAY
HOSP21P110651,785130467,Hospital,P,SANJEEVANI HOSPITAL,"Chaitanya Vihar,Bus stand , Puri",9438360734,21,369,"100001,100002,100003,100004,100005,100006,100007,100008,100009,100010,100011,100012,100013,100014,100015,100016,100017,100018,100019,100020,100021,100022,100023,100026,100028",2025-03-04 15:54:02.567084,19.814554,85.840451,PMJAY
HOSP21P110652,785130468,Hospital,P,SARADHA NURSING HOME,"Balagandi ,grand road puri-1",9861064376,21,369,"100001,100002,100003,100004,100005,100006,100007,100008,100009,100010,100011,100012,100013,100014,100015,100016,100017,100018,100019,100020,100021,100022,100023,100026,100028",2025-03-04 15:54:02.567084,19.812089,85.826899,PMJAY
HOSP21P110683,785130499,Hospital,P,KAPILESWAR CHARITABLE HOSPITAL,"DHARMASALA,",9167955595,21,372,,2025-03-04 15:54:02.567084,20.860400936689175,83.9236501052971,PMJAY
HOSP21P110703,785130519,Hospital,P,SHANTI MOTHERHOOD & MULTISPECIALITY HOSPITAL,UDITNAGAR,8328955450,21,373,"100005,100006,100010,100012,100014,100015,100016,100017,100020,100023",2025-03-04 15:54:02.567084,22.2278,84.84038,PMJAY
